REF.,DESCRIÇÃO,Grupo,Sub Grupo,Marca/ Fornec,Cor,Tamanho,Un,CUSTO,Unitário,ETIQ.,TIPO,,,,STATUS_DOWNLOAD,QTD_IMAGENS
1001,CAMISETA MASC ALGODAO,VESTUARIO,VEST/MASC,Avila,PADRÃO,P/ M/ G/ GG,Un,"R$16,00"," R$ 48,00 ", SIM, TAG,,,,OK,5
1002,CAMISETA MASC. EXTRA / G1 / G2,VESTUARIO,VEST/MASC,Avila,PADRÃO,G1/ G2/ G3,Un,"R$28,00"," R$ 80,00 ", SIM, TAG,,,,OK,5
1005,CHÁ/ CAMINHO JOGO OXFORD,ENXOVAL,MESA,Campestre,ESTAMPADO,PADRÃO,2 PCS,"R$7,00"," R$ 20,00 ", SIM, TAG,,,,OK,5
1008,COBRE LEITO SOLTEIRO,ENXOVAL,CAMA,sultan,ESTAMPADO/ LISO,SOLTEIRO,2 PCS,"R$42,00"," R$ 120,00 ", SIM, ADESIVA,,,,OK,5
1010,COLCHA 2 PECAS,ENXOVAL,CAMA,Campestre,ESTAMPADO,SOLTEIRO,2 Pçs,"R$30,00"," R$ 90,00 ", SIM, ADESIVA,,,,OK,5
1011,CORTINA COZINHA OXFORD,ENXOVAL,DECORAÇÃO,Campestre,ESTAMPADO,PADRÃO,Un,"R$20,50"," R$ 60,00 ", SIM, ADESIVA,,,,OK,5
1012,CORTINA COZINHA RENDA,ENXOVAL,DECORAÇÃO,Campestre,ESTAMPADO,PADRÃO,Un,"R$25,00"," R$ 60,00 ", SIM, ADESIVA,,,,OK,5
1013,"CORTINA 2,80 x 2,60 MT",ENXOVAL,DECORAÇÃO,Campestre,LISO,PADRÃO,Un,"R$75,00"," R$ 200,00 ", SIM, ADESIVA,,,,OK,5
1014,"CORTINA 2,80 X 1,80 MT",ENXOVAL,DECORAÇÃO,Campestre,LISO,PADRÃO,Un,"R$52,00"," R$ 160,00 ", SIM, ADESIVA,,,,OK,5
1015,FRONHA  MALHA (PAR),ENXOVAL,CAMA,Campestre/ Sultan,LISO/ ESTAMPADO/PADRÃO,PADRÃO,Par,"R$10,60"," R$ 30,00 ", SIM, TAG,,,,OK,5
1016,JOGO BANHEIRO,ENXOVAL,TAPETE,Campestre,PADRÃO,PADRÃO,3 Pçs,"R$13,50"," R$ 38,00 ", SIM, TAG,,,,OK,5
1018,LENCOL 4 PECAS MICROPERCAL,ENXOVAL,CAMA,Campestre,QUEEN,ESTAMPADO,4 Pçs,"R$55,00"," R$ 160,00 ", SIM, ADESIVA,,,,OK,5
1022,MANTA CASAL,ENXOVAL,CAMA,Campestre,CASAL,ESTAMPADO/ LISO / PADRÃO,Un,"R$18,00"," R$ 55,00 ", SIM, TAG,,,,OK,5
1023,MANTA SOFÁ JACQUARD,ENXOVAL,DECORAÇÃO,Campestre,LISO,LISO,Un,"R$26,00"," R$ 75,00 ", SIM, TAG,,,,OK,5
1024,PANO DUPLO,ENXOVAL,MESA,Campestre,ESTAMPADO,ESTAMPADO,Un,"R$3,60"," R$ 10,00 ", SIM, ADESIVA,,,,OK,5
1025,PANO PRATO VIES,ENXOVAL,MESA,Campestre,ESTAMPADO,ESTAMPADO,Un,"R$2,30"," R$ 7,00 ", SIM, ADESIVA,,,,OK,5
1026,PANO PRATO SEMANINHA KIT,ENXOVAL,MESA,Campestre,ESTAMPADO,,7 Pçs,"R$11,00"," R$ 35,00 ", SIM, ADESIVA,,,,OK,5
1027,PASSADEIRA COZINHA 3 PCS,ENXOVAL,TAPETE,Campestre,ESTAMPADO,PADRÃO,3 Pçs,"R$20,00"," R$ 60,00 ", SIM, TAG,,,,OK,5
1028,PASSADEIRA QUARTO INDIANA,ENXOVAL,TAPETE,Campestre,LISO,PADRÃO,Un,"R$50,00"," R$ 150,00 ", SIM, TAG,,,,OK,5
1029,PASSADEIRA QUARTO PELUDA,ENXOVAL,TAPETE,Campestre,LISO,PADRÃO,Un,"R$25,00"," R$ 70,00 ", SIM, TAG,,,,OK,5
1030,SHORT FEMININO,VESTUARIO,VEST/ FEM,Campestre,LISO/ ESTAMPADO,P/ M/ G/ GG,Un,"R$16,90"," R$ 49,00 ", SIM, TAG,,,,OK,5
1032,SHORT ELASTANO,VESTUARIO,VEST/MASC,Avila,LISO,P/ M/ G/ GG/ G1/ G2/ G3,Un,"R$22,00"," R$ 69,00 ", SIM, TAG,,,,OK,5
1033,TAPETE BEM VINDO,ENXOVAL,TAPETE,Campestre,ESTAMPADO/ LISO / PADRÃO,PADRÃO,Un,"R$13,50"," R$ 30,00 ", SIM, TAG,,,,OK,5
1034,TAPETE COZINHA EMBORACHADO,ENXOVAL,TAPETE,Campestre,ESTAMPADO,PADRÃO,3 Pçs,"R$50,00"," R$ 150,00 ", SIM, ADESIVA,,,,OK,5
1036,TAPETE MACARRÃO,ENXOVAL,TAPETE,Campestre,LISO,PADRÃO,Un,"R$12,00"," R$ 35,00 ", SIM, TAG,,,,OK,5
1037,"TAPETE SALA 2,00 X 2,50 - G",ENXOVAL,TAPETE,Campestre,ESTAMPADO/ LISO,G,Un,"R$130,00"," R$ 350,00 ", SIM, TAG,,,,OK,5
1038,"TAPETE SALA 1,50 X 2,00 - M",ENXOVAL,TAPETE,Campestre,ESTAMPADO/ LISO,M,Un,"R$85,00"," R$ 250,00 ", SIM, TAG,,,,OK,5
1039,"TAPETE SALA 1,00 X 1,50 - P",ENXOVAL,TAPETE,Campestre,ESTAMPADO/ LISO,P,Un,"R$55,00"," R$ 150,00 ", SIM, TAG,,,,OK,5
1040,TOALHA BANHAO (GIGANTE),ENXOVAL,BANHO,Campestre,LISO,PADRÃO,Un,"R$16,50"," R$ 50,00 ", SIM, TAG,,,,OK,5
1041,TOALHA BANHO INFANTIL,ENXOVAL,BANHO,Campestre,ESTAMPADO,PADRÃO,Un,"R$11,00"," R$ 40,00 ", SIM, TAG,,,,OK,5
1042,TOALHA BANHO PARIS,ENXOVAL,BANHO,Campestre,LISO,PADRÃO,Un,"R$13,50"," R$ 40,00 ", SIM, TAG,,,,OK,5
1044,TOALHA MESA REDONDA ,ENXOVAL,MESA,Campestre,ESTAMPADO,PADRÃO,Un,"R$11,50"," R$ 35,00 ", SIM, ADESIVA,,,,OK,5
1048,TOALHA MESA TERMICA,ENXOVAL,MESA,Campestre,ESTAMPADO,4 CADEIRAS,,,, SIM, ADESIVA,,,,OK,5
,,,,,,6 CADEIRAS,Un,"R$12,00"," R$ 35,00 ", SIM, ADESIVA,,,
1049,TOALHA MESA RENDA ,ENXOVAL,MESA,Campestre,LISO,REDONDA,Un,"R$20,90"," R$ 60,00 ", SIM, ADESIVA,,,,OK,5
,,,,,,4 CADEIRAS,Un,"R$20,90"," R$ 60,00 ", SIM, ADESIVA,,,
,,,,,,6 CADEIRAS,Un,"R$23,90"," R$ 70,00 ", SIM, ADESIVA,,,
1050,TOALHA ROSTO BRILHANTE,ENXOVAL,BANHO,Campestre,LISO,PADRÃO,Un,"R$6,80"," R$ 20,00 ", SIM, TAG,,,,OK,5
1051,Blow Girl Hidratante Virilha,SEXSHOP,SEX/HIDRATANTE,Hot Flowers, , , ,"R$20,90"," R$ 60,00 ", NÃO,,,,,OK,5
1052,Sebo Carneiro Pé Mão e Joelho,COSMETICO,COSM/HIDRATANTE,,PADRÃO,PADRÃO,Un,"R$4,00","R$ 18,90", SIM, ADESIVA,,,,OK,5
1055,Esfoliante corpo e rosto,COSMETICO,COSM/ESFOLIACAO,APINIL,PADRÃO,PADRÃO,Un,"R$7,00","R$ 28,00", SIM, ADESIVA,,,,OK,5
1056,Fisiodor Pomada Muscular,COSMETICO,COSM/MASSAGEM,Luvik do Brasil,,,Un,"R$4,17","R$ 16,90", NÃO, ADESIVA,,,,OK,5
1057,Gel 17 ervas para massagem,COSMETICO,COSM/MASSAGEM,Bell corpus,,,Un,"R$3,50","R$ 16,90", NÃO,,,,,PARCIAL,4
1060,Gloss Labial Babaloo,SEXSHOP/ COSMETICO,SEX/LABIAL,Hot Flowers,,,Un,"R$10,50","R$ 40,00", SIM, ADESIVA,,,,OK,5
1061,Hidratante  Bisnaga,COSMETICO,COSM/HIDRATANTE, ,,,Un,"R$5,50","R$ 26,00", SIM, ADESIVA,,,,OK,5
1062,Hidratante  Pump,COSMETICO,COSM/HIDRATANTE,,,,Un,"R$7,50","R$ 30,00", SIM, ADESIVA,,,,OK,5
1063,Kit Capilar 4 em 1 ,COSMETICO,COSM/CAPIILAR,,,,Un,"R$7,50","R$ 65,00", SIM, ADESIVA,,,,OK,5
1064,Óleo Capilar Nutri Hidrata,COSMETICO,COSM/CAPIILAR,,,,Un,"R$10,00","R$ 39,90", SIM, ADESIVA,,,,OK,5
1065,OLEO Corporal de Massagem,SEXSHOP/ COSMETICO,SEX/MASSAGEM,,,,Un,"R$10,00","R$ 40,00", SIM, ADESIVA,,,,OK,5
1066,OLEO ROSA FACIAL CORPORAL,COSMETICO,COSM/MASSAGEM,APINIL,,,Un,"R$6,00","R$ 25,00", SIM, ADESIVA,,,,OK,5
1067,Sabonete Íntimo,COSMETICO,COSM/HIGIENE,Bio Instinto,,,Un,"R$3,30","R$ 15,00", SIM, ADESIVA,,,,PARCIAL,2
1068,Tônico capilar Antiqueda,COSMETICO,COSM/CAPIILAR,Bio Instinto,,,Un,"R$7,00","R$ 28,00", NÃO,,,,,OK,5
1069,FRONHA P.A (PAR),ENXOVAL,CAMA,Campestre,LISO/ ESTAMPADO/PADRÃO,PADRÃO,Par,"R$7,60"," R$ 30,00 ", SIM, TAG,,,,OK,5
1071,TAPETE PVC,ENXOVAL,TAPETE,Campestre,ESTAMPADO,PADRÃO,Un,"R$13,50"," R$ 40,00 ", SIM, ADESIVA,,,,OK,5
1074,Perfume de Calcinha,SEXSHOP/ COSMETICO,COSM/PERFUMARIA,APINIL,,,Un,"R$4,50"," R$ 20,00 ", SIM, ADESIVA,,,,OK,5
1075,Pomada Canela de Velho,COSMETICO,COSM/MASSAGEM,Bio Instinto,,,Un,"R$6,00"," R$ 25,00 ", NÃO,,,,,PARCIAL,3
1076,LENCOL 3 PCS - CASAL,ENXOVAL,CAMA,Campestre,PADRÃO,PADRÃO,3 Pçs,"R$41,00"," R$ 115,00 ", SIM, ADESIVA,,,,OK,5
1077,LENCOL 3 PCS - QUEEN,ENXOVAL,CAMA,Campestre,PADRÃO,PADRÃO,3 Pçs,"R$44,00"," R$ 125,00 ", SIM, ADESIVA,,,,OK,5
1078,LENCOL 3 PCS - KING,ENXOVAL,CAMA,Campestre,PADRÃO,PADRÃO,3 Pçs,"R$47,00"," R$ 150,00 ", SIM, ADESIVA,,,,OK,5
1079,CAPA COLCHÃO SOLTEIRO,ENXOVAL,CAMA,Campestre,PADRÃO,PADRÃO,Un,"R$19,50"," R$ 60,00 ", SIM, ADESIVA,,,,OK,5
1080,CAPA COLCHÃO CASAL,ENXOVAL,CAMA,Campestre,PADRÃO,PADRÃO,Un,"R$25,50"," R$ 80,00 ", SIM, ADESIVA,,,,OK,5
1081,COBRE LEITO 3 PCS - CASAL,ENXOVAL,CAMA,Campestre,PADRÃO,PADRÃO,3 Pçs,"R$55,00"," R$ 160,00 ", SIM, ADESIVA,,,,OK,5
1082,COBRE LEITO 3 PCS - QUEEN,ENXOVAL,CAMA,Campestre,PADRÃO,PADRÃO,3 Pçs,"R$65,00"," R$ 180,00 ", SIM, ADESIVA,,,,OK,5
1084,SHORT FEMININO,VESTUARIO,VEST/ FEM,Campestre,PADRÃO,P/ M/ G/ GG/ G1/ G2/ G3,Un,"R$16,90"," R$ 49,00 ", SIM, TAG,,,,OK,5
1085,TOALHA RENDA  4 CADEIRAS,ENXOVAL,MESA,Campestre,PADRÃO,PADRÃO,Un,"R$20,90"," R$ 60,00 ", SIM, ADESIVA,,,,OK,5
1086,TOALHA RENDA REDONDA,ENXOVAL,MESA,Campestre,PADRÃO,PADRÃO,Un,"R$20,90"," R$ 60,00 ", SIM, ADESIVA,,,,OK,5
1087,TOALHA RENDA 6 CADEIRAS,ENXOVAL,MESA,Campestre,PADRÃO,PADRÃO,Un,"R$23,90"," R$ 70,00 ", SIM, ADESIVA,,,,OK,5
1088,FRONHA (PAR),ENXOVAL,CAMA,Campestre,PADRÃO,PADRÃO,Par,"R$10,60"," R$ 30,00 ", SIM, TAG,,,,OK,5
1089,CALCA JEANS MASCULINA,VESTUARIO,VEST/MASC,Avila,PADRÃO,38/ 40/ 42/ 44/ 46,Un,"R$40,00"," R$ 120,00 ", SIM, TAG,,,,OK,5
1090,TAPETE IMP EMBORRACHADO,ENXOVAL,TAPETE,Campestre,PADRÃO,PADRÃO,Un,"R$13,50"," R$ 40,00 ", SIM, TAG,,,,OK,5
1091,PROTETOR SOFA SUEDE,ENXOVAL,DECORAÇÃO,Campestre,PADRÃO,PADRÃO,Un,"R$50,00"," R$ 150,00 ", SIM, ADESIVA,,,,OK,5
1092,TOALHA BANHO ASLAN,ENXOVAL,BANHO,Sultan,PADRÃO,PADRÃO,Un,"R$21,32"," R$ 60,00 ", SIM, TAG,,,,OK,5
1093,TOALHA ROSTO ASLAN,ENXOVAL,BANHO,Sultan,PADRÃO,PADRÃO,Un,"R$8,31"," R$ 25,00 ", SIM, TAG,,,,OK,5
1094,LENCOL CASAL 4 PC REALCE ,ENXOVAL,CAMA,Sultan,PADRÃO,PADRÃO,4 pçs,"R$64,69"," R$ 195,00 ", SIM, ADESIVA,,,,OK,5
1095,LENCOL QUEEN 4 PC REALCE,ENXOVAL,CAMA,Sultan,PADRÃO,PADRÃO,4 pçs,"R$75,80"," R$ 220,00 ", SIM, ADESIVA,,,,OK,5
1096,LENCOL 2 PCS SOLTEIRO,ENXOVAL,CAMA,Campestre,PADRÃO,PADRÃO,2 pçs,"R$28,00"," R$ 80,00 ", SIM, ADESIVA,,,,OK,5
1097,TOALHA 4 CAD LISA,ENXOVAL,MESA,Campestre,LISO,PADRÃO,Un,"R$11,50"," R$ 35,00 ", SIM, ADESIVA,,,,OK,5
1098,TOALHA 4 CAD ESTAMPA,ENXOVAL,MESA,Campestre,ESTAMPADO,PADRÃO,Un,"R$11,50"," R$ 35,00 ", SIM, TAG,,,,OK,5
1099,TOALHA 6 CAD LISA,ENXOVAL,MESA,Campestre,LISO,PADRÃO,Un,"R$13,50"," R$ 45,00 ", SIM, ADESIVA,,,,OK,5
1100,TOALHA 6 CAD ESTAMPA,ENXOVAL,MESA,Campestre,ESTAMPADO,PADRÃO,Un,"R$13,50"," R$ 45,00 ", SIM, TAG,,,,OK,5
1101,COBRE LEITO KING,ENXOVAL,CAMA,Campestre,PADRÃO,PADRÃO,JG,"R$71,63"," R$ 210,00 ", SIM, ADESIVA,,,,OK,5
1102,Mousse micelar,COSMETICO,COSM/HIGIENE,APINIL,,,Un,"R$7,50"," R$ 30,00 ", SIM, ADESIVA,,,,OK,5
1103,Xarope Antigripal,COSMETICO,COSM/SAUDE,NECTAMEL,,,Un,"R$9,50"," R$ 38,00 ", SIM, ADESIVA,,,,PARCIAL,2
1104,Body Splash 130 ml,COSMETICO,COSM/PERFUMARIA,Bio Instinto,,,Un,"R$5,50"," R$ 22,00 ", SIM, ADESIVA,,,,OK,5
1105,Reparador de Cabelo,COSMETICO,COSM/CAPIILAR,APINIL,,,Un,"R$8,50"," R$ 34,00 ", SIM, ADESIVA,,,,OK,5
1106,VIBRADOR BULLET,SEXSHOP,VIBRADOR,,PADRÃO,PADRÃO,Un,"R$3,79"," R$ 15,00 ", SIM, ADESIVA,,,,OK,5
1107,BOLINHA HOT BALL ,SEXSHOP,SEX/ COSM,Hot Flowers,PADRÃO,PADRÃO,Un,"R$4,79"," R$ 15,00 ", SIM, ADESIVA,,,,OK,5
1108,EXCITATION ESQUENTA,SEXSHOP,SEX/ COSM,Hot Flowers,PADRÃO,PADRÃO,Un,"R$11,82"," R$ 40,00 ", SIM, ADESIVA,,,,OK,5
1109,ORIENTAL SPRAY ESQUENTA ESFRIA,SEXSHOP,SEX/ COSM,Hot Flowers,,,Un,"R$8,35"," R$ 30,00 ", SIM, ADESIVA,,,,OK,5
1110,CAPA COLCHÃO QUEEN,ENXOVAL,CAMA,Campestre,PADRÃO,QUEEN ,Un,"R$30,00"," R$ 90,00 ", SIM, ADESIVA,,,,OK,5
1111,SEMPRE VIRGEM ADSTRINGENTE,SEXSHOP,SEX/ COSM,Hot Flowers,,,Un,"R$14,99"," R$ 50,00 ", SIM, ADESIVA,,,,OK,5
1112,SETE SENSACOES ANESTESICO,SEXSHOP,SEX/ COSM,Hot Flowers,,,Un,"R$13,99"," R$ 50,00 ", SIM, ADESIVA,,,,OK,5
1113,LIS-IN FACILITADOR ANAL,SEXSHOP,SEX/ COSM,Hot Flowers,,,Un,"R$24,99"," R$ 75,00 ", SIM, ADESIVA,,,,OK,5
1114,CAPSULA VIBRATORIA,SEXSHOP,VIBRADOR,,,,Un,"R$8,22"," R$ 50,00 ", SIM, ADESIVA,,,,OK,5
1115,EXCITANTE XANA/ KULOKO,SEXSHOP,SEX/ COSM,Hot Flowers,,,Un,"R$6,99"," R$ 28,00 ", SIM, ADESIVA,,,,OK,5
1116,OLEO JAPONES ESQUENTA,SEXSHOP,SEX/ COSM,,,,Un,"R$4,65"," R$ 20,00 ", SIM, ADESIVA,,,,PARCIAL,4
1117,LUBRIFICANTE SABORES ,SEXSHOP,SEX/ COSM,,,,Un,"R$6,87"," R$ 25,00 ", SIM, ADESIVA,,,,OK,5
1118,LUBRIFICANTE TRADICIONAL KGEL,SEXSHOP,SEX/ COSM,,,,Un,"R$3,09"," R$ 15,00 ", SIM, ADESIVA,,,,PARCIAL,4
1119,PLUG ANAL ACO TAM. M,SEXSHOP,PLUG,,,,Un,"R$9,88"," R$ 40,00 ", SIM, ADESIVA,,,,OK,5
1120,CREME MASSAGEM DESLIZANTE,SEXSHOP,SEX/ COSM,,,,Un,"R$15,41"," R$ 50,00 ", SIM, ADESIVA,,,,OK,5
1121,VIBRADOR PONTO G GOLFINHO,SEXSHOP,VIBRADOR,,,,Un,"R$4,17"," R$ 25,00 ", SIM, ADESIVA,,,,OK,5
1122,PERFUME CAPILAR,SEXSHOP,SEX/ COSM,,,,Un,"R$11,83"," R$ 40,00 ", SIM, ADESIVA,,,,OK,5
1123,VIBRADOR PERSONAL,SEXSHOP,VIBRADOR,,,,Un,"R$11,38"," R$ 40,00 ", SIM, ADESIVA,,,,OK,5
1124,MASTURBADOR FUNNY EGG,SEXSHOP,Masturbador,,,,Un,"R$8,22"," R$ 30,00 ", SIM, ADESIVA,,,,OK,5
1125,PENIS VIBRADOR,SEXSHOP,PENIS VIBRO,,,,Un,"R$20,01"," R$ 80,00 ", SIM, ADESIVA,,,,OK,5
1128,ESTIMULADOR CLITORIS URSO,SEXSHOP,VIBRADOR,,,,Un,"R$17,70"," R$ 65,00 ", SIM, ADESIVA,,,,OK,5
1129,VOLUMAO GEL,SEXSHOP,SEX/ COSM,Hot Flowers,PADRÃO,PADRÃO,Un,"R$11,00"," R$ 45,00 ", SIM, ADESIVA,,,,OK,5
1130,CREME CONFORTO,SEXSHOP,SEX/ COSM,Hot Flowers,PADRÃO,PADRÃO,Un,"R$5,00"," R$ 20,00 ", NÃO,,,,,OK,5
1139,MASTURBADOR EGG,SEXSHOP,MASTURBADOR,,PADRÃO,PADRÃO,Un,"R$6,50"," R$ 25,00 ", SIM,,,,,OK,5
1141,LENCOL 3 PCS - KING SIZE ALGODAO,ENXOVAL,CAMA,Campestre,PADRÃO,PADRÃO,3 Pçs,"R$62,00"," R$ 180,00 ", SIM, ADESIVA,,,,OK,5
1142,TOALHA MESA 8 CAD,ENXOVAL,MESA,Campestre,ESTAMPADO,PADRÃO,Un,"R$20,80"," R$ 60,00 ", SIM , TAG,,,,OK,5
1143,BERMUDA JEANS MASC,VESTUARIO,VEST/MASC,Campestre,PADRÃO,38/40/42/44/48,Un,"R$30,00"," R$ 90,00 ", SIM,  TAG,,,,OK,5
1144,"CORTINA BLACKOUT 2,7X1,8",ENXOVAL,DECORAÇÃO,Campestre,PADRÃO ,PADRÃO,Un,"R$69,00"," R$ 200,00 ", SIM , ADESIVA,,,,OK,5
1145,JG COZINHA SISAL 3PCS,ENXOVAL,TAPETE,Sultan,PADRÃO,PADRÃO,Jg,"R$90,68"," R$ 270,00 ", SIM , TAG,,,,OK,5
1146,TAPETE SISAL 80X50CM,ENXOVAL,TAPETE,Sultan,PADRÃO,PADRÃO,Un,"R$18,98"," R$ 57,00 ", SIM , TAG,,,,OK,5
1147,"PASSADEIRA 0,66X1,8M",ENXOVAL,TAPETE,Sultan,PADRÃO,PADRÃO,Un,"R$46,97"," R$ 140,00 ", SIM , TAG,,,,OK,5
1148,"PASSADEIRA SISAL 66X1,80M",ENXOVAL,TAPETE,Sultan,PADRÃO,PADRÃO,Un,"R$55,28"," R$ 165,00 ", SIM , TAG,,,,OK,5
1149,"TAPETE RASCHEL 1,00X1,40 - P",ENXOVAL,TAPETE,Sultan,PADRÃO,P,Un,"R$30,87"," R$ 95,00 ", SIM , TAG,,,,OK,5
1150,"TAPETE RASCHEL 1,40X2,00 - M",ENXOVAL,TAPETE,Sultan,PADRÃO,M,Un,"R$61,61"," R$ 185,00 ", SIM , TAG,,,,OK,5
1151,"PASSADEIRA RASCHEL 0,6X2,0M",ENXOVAL,TAPETE,Sultan,PADRÃO,PADRÃO,Un,"R$37,58"," R$ 115,00 ", SIM , TAG,,,,OK,5
1153,"TAPETE SPAZIO 1,40 X 2M",ENXOVAL,TAPETE,Sultan,PADRÃO,PADRÃO,Un,"R$56,52"," R$ 170,00 ", SIM , TAG,,,,OK,5
1154,"PASSADEIRA SPAZIO 0,6X2,0M",ENXOVAL,TAPETE,Sultan,PADRÃO,PADRÃO,Un,"R$34,26"," R$ 115,00 ", SIM , TAG,,,,OK,5
1155,LENCOL 3PCS SOLTEIRO,ENXOVAL,CAMA,Sultan,PADRÃO,SOLTEIRO,JG,"R$0,00"," R$ 110,00 ", SIM, ADESIVA,,,,OK,5
1158,XUPA XANA/ROLA BEIJAVEL,SEXSHOP,SEX/ COSM,HOT FLOWERS,PADRÃO,PADRÃO,UN,"R$7,09"," R$ 28,00 ", SIM, ADESIVA,,,,OK,5
1159,KIT SKINCARE,COSMETICO,COSM/HIGIENE,RHENUKS,PADRÃO,PADRÃO,Un,"R$19,00"," R$ 76,00 ", SIM, ADESIVA,,,,OK,5
1160,LIP BALM GLOSS MEL,COSMETICO,COSM/LABIAL,,PADRÃO,PADRÃO,Un,"R$7,50"," R$ 30,00 ", SIM, ADESIVA,,,,OK,5
1161,KIT  SALÃO EM CASA,COSMETICO,COSM/CAPIILAR,RHENUKS,PADRÃO,PADRÃO,Un,"R$24,00"," R$ 96,00 ", SIM, ADESIVA,,,,OK,5
1164,GEL 17 ERVAS MASSAGEM,COSMETICO,COSM/MASSAGEM,BELL CORPUS,PADRÃO ,PADRÃO,Un,"R$3,50"," R$ 16,90 ", SIM, ADESIVA,,,,OK,5
1167,LENCOL KING 4 PC SONHARE,ENXOVAL,CAMA ,Sultan,PADRÃO,PADRÃO,JG,"R$182,89"," R$ 540,00 ", SIM , ADESIVA,,,,OK,5
1168,LENCOL SOLTEIRO 3PC REALCE,ENXOVAL,CAMA ,Sultan,PADRÃO,PADRÃO,JG,"R$45,34"," R$ 136,00 ", SIM , ADESIVA,,,,OK,5
1169,PLUG ANAL ACO TAM. P,SEXSHOP,SEX/ PLUG,,PADRÃO,PADRÃO,Un,"R$9,88"," R$ 40,00 ", SIM, ADESIVA,,,,OK,5
1170,MINI FANTASIA,SEXSHOP,SEX/ FANTASIA,,PADRÃO,PADRÃO,JG,"R$10,00"," R$ 40,00 ", SIM, ADESIVA,,,,OK,5
1171,LACRADINHA GEL,SEXSHOP,SEX/ COSM,,PADRÃO,PADRÃO,Un,"R$6,50"," R$ 25,00 ", SIM, ADESIVA,,,,OK,5
1173,"CORTINA BLACKOUT VOIL 3X2,6",ENXOVAL,DECORAÇÃO,,PADRÃO,PADRÃO,Un,"R$72,00"," R$ 220,00 ", SIM, ADESIVA,,,,OK,5
1174,"CORTINA BLACKOUT VOIL 3X1,8",ENXOVAL,DECORAÇÃO,,PADRÃO,PADRÃO,Un,"R$52,00"," R$ 160,00 ", SIM , ADESIVA,,,,OK,5
1175,CAMISETA PERUANA,VESTUARIO,VEST/MASC,,PADRÃO,M/G/GG,Un,"R$35,00"," R$ 99,00 ", SIM, TAG,,,,OK,5
1176,BLUSINHA FEMININA,VESTUARIO,VEST/MASC,,PADRÃO,PADRÃO,Un,"R$25,00"," R$ 48,00 ", SIM , TAG,,,,OK,5
1177,VIBRADOR ESPIRAL,SEXSHOP,VIBRADOR,,PADRÃO,PADRÃO,Un,"R$13,97"," R$ 60,00 ", SIM, ADESIVA,,,,OK,5
1178,LIP OIL GLOSS ,COSMETICO,COSM/LABIAL,,PADRÃO,PADRÃO,Un,"R$5,13"," R$ 20,00 ",SIM,ADESIVA,,,"213,84",OK,5
1179,PO FACIAL BEAUTIFUL,COSMETICO,COSM/FACIAL,,PADRÃO,PADRÃO,Un,"R$4,21"," R$ 16,90 ",SIM,ADESIVA,,,"208,44",OK,5
1180,ESFOLIANTE FACIAL BISNAGA,COSMETICO,COSM/ESFOLIACAO,,PADRÃO,PADRÃO,Un,"R$6,65"," R$ 28,00 ", SIM, ADESIVA,,,"427,68",OK,5
1181,LIP GLOSS TEDDY MEL,COSMETICO,COSM/LABIAL,,PADRÃO,PADRÃO,Un,"R$5,36"," R$ 20,00 ", NÃO,,,,"204,48",OK,5
1183,TREPADEIRA EXCITANTE,SEXSHOP,SEX/ COSM,HOT FLOWERS,PADRÃO,PADRÃO,Un,"R$5,98","R$ 25,00", SIM, ADESIVA,,,,OK,5
1184,PINTO LOKO ESTIM. MASC,SEXSHOP,SEX/ COSM,HOT FLOWERS,PADRÃO,PADRÃO,Un,"R$7,50"," R$ 28,00 ", SIM, ADESIVA,,,,OK,5
1185,KIT PLUG Rabo Raposa,SEXSHOP,SEX/ PLUG,,PADRÃO,PADRÃO,Un,"R$20,28"," R$ 75,00 ", SIM, ADESIVA,,,,OK,5
1186,MELZINHO ARABE PRAZER,SEXSHOP,SEX/ COSM,,PADRÃO,PADRÃO,Un,"R$6,38"," R$ 25,00 ", SIM, ADESIVA,,,,OK,5
1187,PLUG RABO RAPOSA,SEXSHOP,SEX/ PLUG,,PADRÃO,PADRÃO,Un,"R$12,17"," R$ 50,00 ", SIM, ADESIVA,,,,OK,5
1188,PLUG RABO COELHO,SEXSHOP,SEX/ PLUG,,PADRÃO,PADRÃO,Un,"R$10,26"," R$ 40,00 ", SIM, ADESIVA,,,,OK,5
1189,PHER PERFUME AEROSOL,SEXSHOP,SEX/ COSM,,PADRÃO,PADRÃO,Un,"R$8,97"," R$ 35,00 ", SIM, ADESIVA,,,,OK,5
1190,VIBRADOR JELLY DUPLO,SEXSHOP,SEX/ PLUG,,PADRÃO,PADRÃO,Un,"R$21,97"," R$ 80,00 ", SIM, ADESIVA,,,,OK,5
1192,CALCA FITNESS POLIAMIDA,VESTUARIO,VEST/ FEM,THIAGO/ IMP,PADRÃO,M/ G/ GG,Un,"R$30,00"," R$ 90,00 ", SIM, ADESIVA,,,,OK,5
1193,BERMUDA FITNESS POLIAMIDA,VESTUARIO,VEST/ FEM,THIAGO/ IMP,PADRÃO,M/ G/ GG,Un,"R$25,00"," R$ 75,00 ", SIM, ADESIVA,,,,OK,5
1195,PANO COPA BORDAR,ENXOVAL,MESA,CAMPESTRE,PADRÃO,PADRÃO,Un,"R$5,64"," R$ 16,90 ", SIM, TAG,,,,OK,5
1196,PROMO LENÇOL CASAL REALCE,ENXOVAL,CAMA,SULTAN,PADRÃO,PADRÃO,3 Pçs,"R$32,17"," R$ 90,00 ", SIM, ADESIVA,,,,OK,5
1197,PROMO LENÇOL QUEEN REALCE,ENXOVAL,CAMA,SULTAN,PADRÃO,PADRÃO,3 Pçs,"R$37,76"," R$ 105,00 ", SIM, ADESIVA,,,,OK,5
1198,PROMO SHORT MASCULINO,VESTUARIO,VEST/MASC,AVILA,PADRÃO,P/ M/ G/ GG,UN,"R$19,00"," R$ 54,00 ", SIM, ADESIVA,,,,OK,5
1200,COBRE LEITO 3 PCS - CASAL rolo,ENXOVAL,CAMA,SULTAN,PADRÃO,PADRÃO,3 Pçs,"R$41,78"," R$ 125,00 ", SIM, ADESIVA,,,,OK,5
1201,PROMO KIT  SALÃO CASA,COSMETICO,COSM/CAPIILAR,RHENUKS,PADRÃO,PADRÃO,Un,"R$20,00"," R$ 76,00 ", SIM, ADESIVA,,,,OK,5
1202,CREME CORPORAL SKALA,COSMETICO,COSM/HIDRATANTE,SKALA,PADRÃO,PADRÃO,Un,"R$5,89","R$ 24,00", SIM, ADESIVA,,,,OK,5
1203,KIT ROSA MOSQUETA C/3 ITENS,COSMETICO,COSM/HIDRATANTE, ,PADRÃO,PADRÃO,Un,"R$10,00"," R$ 40,00 ", SIM , ADESIVA,,,,OK,5
1204,PE LOÇÃO MILAGROSA 30ML,COSMETICO,COSM/HIDRATANTE,BIO INSTINTO,PADRÃO,PADRÃO,Un,"R$3,00"," R$ 12,00 ", SIM , ADESIVA,,,,OK,5
1205,KIT PE MILAGROSO,COSMETICO,COSM/HIDRATANTE,,PADRÃO,PADRÃO,Un,"R$8,89"," R$ 36,00 ", SIM , ADESIVA,,,,OK,5
1206,PROMO KIT CAPILAR,COSMETICO,COSM/CAPIILAR,,PADRÃO,PADRÃO,Un,"R$16,00","R$ 56,00", SIM, ADESIVA,,,,OK,5
1207,COBRE LEITO 3 PCS - QUEEN rolo,ENXOVAL,CAMA,SULTAN,PADRÃO,PADRÃO,3 Pçs,"R$46,43"," R$ 140,00 ", SIM, ADESIVA,,,,OK,5
1209,SUPER PROMO LENÇOL CASAL,ENXOVAL,CAMA, PRIMOS,PADRÃO,CASAL,Un,"R$23,00"," R$ 75,00 ", SIM, ADESIVA,,,,OK,5
1210,SUPER PROMO LENÇOL QUEEN,ENXOVAL,CAMA,PRIMOS,PADRÃO,QUEEN,Un,"R$25,00"," R$ 80,00 ", SIM, ADESIVA,,,,OK,5
1211,KIT 6 PANO PRATO,ENXOVAL,MESA,PRIMOS,PADRÃO,PADRÃO,6 Pçs,"R$10,50"," R$ 30,00 ", SIM, ADESIVA,,,,OK,5
1212,KIT 5 PANO PRATO,ENXOVAL,MESA,PRIMOS,PADRÃO,PADRÃO,5 Pçs,"R$8,75"," R$ 25,00 ", SIM, ADESIVA,,,,OK,5
1233,BEIJO HOT BRILHO LABIAL,SEXSHOP,SEX/COSM,GARJI,PADRÃO,PADRÃO,Un,"R$5,55"," R$ 20,00 ", SIM, ADESIVA,,,,OK,5
1234,K-MED GEL LUBRIFICANTE,SEXSHOP,SEX/COSM,CIMED,PADRÃO,PADRÃO,Un,"R$7,81"," R$ 20,00 ", SIM, ADESIVA,,,,PARCIAL,2
1235,BODY MINI FANTASIA,SEXSHOP,SEX/FANTASIA,PIMENTA SEXY,PADRÃO,PADRÃO,CJ,"R$16,97"," R$ 60,00 ", SIM, ADESIVA,,,,OK,5
1236,BOLINHAS MAGICAS SABOROSAS,SEXSHOP,SEX/COSM,FOR SEXY,PADRÃO,PADRÃO,PC,"R$2,91"," R$ 10,00 ", SIM, ADESIVA,,,,OK,5
1237,EXCITA PIRIQUITA ASSANHADA ,SEXSHOP,SEX/COSM,HOT FLOWERS,PADRÃO,PADRÃO,Un,"R$7,13"," R$ 28,00 ", SIM, ADESIVA,,,,OK,5
1238,TOTAL VIRGEM,SEXSHOP,SEX/COSM,HOT FLOWERS,PADRÃO ,PADRÃO,Un,"R$7,18"," R$ 28,00 ", SIM, ADESIVA,,,,OK,5
1239,MAMA TETA GEL,SEXSHOP,SEX/COSM,HOT FLOWERS,PADRÃO ,PADRÃO,Un,"R$7,78"," R$ 28,00 ", SIM, ADESIVA,,,,OK,5
1240,PENIS VIBRADOR MULTI,SEXSHOP,PENIS VIBRO,VIPMIX,PADRÃO ,PADRÃO,Un,"R$23,78"," R$ 90,00 ", SIM, ADESIVA,,,,OK,5
1241,OLEO CORPORAL APIDERM,SEXSHOP,SEX/MASSAGEM,APINIL,PADRÃO ,PADRÃO,Un,"R$11,63"," R$ 45,00 ", SIM, ADESIVA,,,,OK,5
1242,GLOSS LABIAL CHAVEIRINHO,COSMESTICO,COSM/LABIAL,LUCKY ,PADRÃO ,PADRÃO,Un,"R$8,07"," R$ 32,00 ", SIM, ADESIVA,,,,OK,5
1243,GLOSS LABIAL,COSMESTICO,COSM/LABIAL,LUCKY ,PADRÃO ,PADRÃO,Un,"R$6,13"," R$ 25,00 ", SIM, ADESIVA,,,,OK,5
1244,KIT BOTOX NO CHUVEIRO,COSMESTICO,COSM/CAPIILAR,RHENUKS,PADRÃO ,PADRÃO,KIT,"R$20,00"," R$ 80,00 ", SIM, ADESIVA,,,,OK,5
1245,KIT MIKOZIU,COSMESTICO,COSM/HIGIENE,,PADRÃO ,PADRÃO,KIT,"R$10,00"," R$ 40,00 ", SIM, ADESIVA,,,,OK,5
1246,TOP NADADOR FITNESS,VESTUÁRIO,VEST/FEM,,PADRÃO,GG,Un,," R$ 28,00 ",,,,,,OK,5
1247,CONJ FITNESS CANELADO,VESTUÁRIO,VEST/FEM,SANTA RITA,PADRÃO,M/GG,CJ,"R$30,00"," R$ 90,00 ", SIM, ADESIVA,,,,OK,5
1248,KIT TAPETE COZINHA 3 PCS,ENXOVAL,TAPETE,Sultan,PADRÃO,PADRÃO,Un,"R$32,79"," R$ 98,00 ", SIM , ADESIVA,,,,OK,5
1249,"TAPETE PICASSO 1,0X1,40 - P",ENXOVAL,TAPETE,Sultan,PADRÃO,PADRÃO,Un,"R$32,79"," R$ 98,00 ", SIM , TAG,,,,OK,5
1250,"TAPETE PICASSO 1,4X2,0 - M",ENXOVAL,TAPETE,Sultan,PADRÃO,PADRÃO,Un,"R$66,94"," R$ 98,00 ", SIM , TAG,,,,OK,5
